mode,process,time
serial,1,0.0864415168762207
parallel,1,0.3172922134399414
parallel,2,0.18889498710632324
parallel,4,0.17250704765319824
parallel,8,0.21253085136413574
